{
  "run_id": "s008",
  "model": "lgbm",
  "feature_version": "v1",
  "oof_auc": 0.916587,
  "fold_aucs": [
    0.916466,
    0.916032,
    0.918421,
    0.91619,
    0.916372,
    0.916981,
    0.918393,
    0.917258,
    0.915643,
    0.914208
  ],
  "fold_std": 0.001196,
  "n_splits": 10,
  "seed": 42,
  "n_features": 30,
  "train_rows": 594194,
  "elapsed_seconds": 871.7
}