{
  "run_id": "s010",
  "model": "ensemble_blend",
  "component_runs": [
    "s004",
    "s003",
    "s007",
    "s008",
    "s009"
  ],
  "component_oof_aucs": {
    "s004": 0.916597,
    "s003": 0.916406,
    "s007": 0.91653,
    "s008": 0.916587,
    "s009": 0.916709
  },
  "oof_auc": 0.916785,
  "weights_or_coefs": {
    "s004": 0.2,
    "s003": 0.2,
    "s007": 0.2,
    "s008": 0.2,
    "s009": 0.2
  }
}