{
  "run_id": "s001",
  "model": "lgbm",
  "feature_version": "v0",
  "oof_auc": 0.916016,
  "fold_aucs": [
    0.915586,
    0.916888,
    0.916007,
    0.917103,
    0.914546
  ],
  "fold_std": 0.000926,
  "n_splits": 5,
  "seed": 42,
  "n_features": 19,
  "train_rows": 594194,
  "elapsed_seconds": 330.0
}